organization	process	process_kind	document_count	documents
ВКП(б)	ПРОЦЕСС 23-29 ЯНВАРЯ 1937 г.	major_show_trial	395	11258 | 2508 | 2519 | 2521 | 2522 | 2525 | 2527 | 4269 | 4270 | 4272 | 4290 | 4291 | 5677 | 5683 | 5685 | 5697 | 5707 | 5713 | 5715 | 5719 | 5722 | 5726 | 5729 | 5732 | 5736 | 5740 | 5741 | 5746 | 5747 | 5748 | 5750 | 5752 | 5754 | 5755 | 5765 | 5767 | 5773 | 5775 | 5794 | 5795 | 5796 | 5797 | 5798 | 5799 | 5800 | 5801 | 5802 | 5803 | 5804 | 5805 | 5806 | 5807 | 5808 | 5809 | 5810 | 5811 | 5812 | 5814 | 5816 | 5817 | 5818 | 5820 | 5821 | 5822 | 5823 | 5824 | 5825 | 5826 | 5828 | 5830 | 5831 | 5832 | 5833 | 5834 | 5835 | 5836 | 5837 | 5838 | 5839 | 5841 | 5842 | 5844 | 5845 | 5846 | 5847 | 5848 | 5849 | 5850 | 5851 | 5852 | 5853 | 5854 | 5855 | 5857 | 5859 | 5860 | 5861 | 5862 | 5864 | 5865 | 5867 | 5869 | 5870 | 5871 | 5872 | 5873 | 5874 | 5876 | 5877 | 5878 | 5880 | 5883 | 5884 | 5886 | 5887 | 5889 | 5890 | 5891 | 5894 | 5895 | 5899 | 5900 | 5901 | 5902 | 5903 | 5904 | 5906 | 5907 | 5908 | 5909 | 5910 | 5911 | 5912 | 5913 | 5914 | 5915 | 5916 | 5918 | 5919 | 5920 | 5921 | 5922 | 5923 | 5924 | 5925 | 5926 | 5927 | 5955 | 5958 | 5961 | 5963 | 5966 | 5971 | 5973 | 6074 | 6150 | 6152 | 6160 | 6175 | 6188 | 6194 | 6196 | 6202 | 6206 | 6208 | 6210 | 6213 | 6216 | 6224 | 6231 | 6235 | 6242 | 6244 | 6246 | 6249 | 6255 | 6259 | 6261 | 6265 | 6271 | 6273 | 6282 | 6284 | 6286 | 6288 | 6294 | 6303 | 6305 | 6309 | 6312 | 6314 | 6316 | 6322 | 6324 | 6333 | 6336 | 6338 | 6345 | 6350 | 6354 | 6357 | 6360 | 6372 | 6376 | 6379 | 6388 | 6390 | 6392 | 6397 | 6400 | 6406 | 6408 | 6411 | 6413 | 6415 | 6431 | 6446 | 6448 | 6457 | 6459 | 6461 | 6465 | 6467 | 6470 | 6472 | 6474 | 6476 | 6486 | 6488 | 6505 | 6507 | 6512 | 6516 | 6518 | 6527 | 6540 | 6543 | 6545 | 6550 | 6584 | 6588 | 6596 | 6598 | 6602 | 6622 | 6624 | 6626 | 6640 | 6650 | 6663 | 6668 | 6677 | 6680 | 6685 | 6687 | 6691 | 6774 | 6790 | 6794 | 6796 | 6798 | 6800 | 6813 | 6816 | 6819 | 6888 | 6895 | 6897 | 6901 | 6903 | 6909 | 6928 | 6933 | 6947 | 6949 | 6951 | 6963 | 6974 | 6982 | 6984 | 6986 | 6988 | 6990 | 6992 | 6994 | 6996 | 6998 | 7000 | 7003 | 7006 | 7009 | 7013 | 7015 | 7017 | 7019 | 7021 | 7030 | 7045 | 7053 | 7056 | 7063 | 7071 | 7079 | 7082 | 7089 | 7099 | 7101 | 7103 | 7105 | 7109 | 7111 | 7113 | 7115 | 7117 | 7124 | 7126 | 7131 | 7135 | 7141 | 7153 | 7155 | 7157 | 7159 | 7162 | 7174 | 7176 | 7181 | 7186 | 7190 | 7192 | 7194 | 7204 | 7206 | 7218 | 7220 | 7222 | 7227 | 7230 | 7233 | 7235 | 7252 | 7256 | 7258 | 7262 | 7275 | 7281 | 7294 | 7296 | 7300 | 7337 | 7355 | 7357 | 7359 | 7363 | 7365 | 7377 | 7410 | 7412 | 7415 | 7417 | 7428 | 7437 | 7444 | 7446 | 7448 | 7455 | 7462 | 7476 | 7478 | 7480 | 7548 | 7553 | 7568 | 7572 | 7582 | 7602 | 7607 | 7611 | 7623 | 7654 | 7681 | 7684 | 7740 | 7762 | 7784 | 7794 | 7796 | 7798 | 7820 | 7965 | 8138 | 8863 | 8871 | 8873 | 8909
ГУГБ	ПРОЦЕСС 23-29 ЯНВАРЯ 1937 г.	major_show_trial	346	4269 | 4270 | 4272 | 5685 | 5686 | 5697 | 5707 | 5713 | 5722 | 5726 | 5729 | 5732 | 5736 | 5740 | 5741 | 5746 | 5747 | 5750 | 5767 | 5775 | 5794 | 5795 | 5796 | 5797 | 5798 | 5799 | 5800 | 5801 | 5802 | 5803 | 5804 | 5805 | 5806 | 5807 | 5808 | 5809 | 5810 | 5811 | 5812 | 5814 | 5816 | 5817 | 5818 | 5819 | 5820 | 5821 | 5822 | 5823 | 5824 | 5825 | 5826 | 5829 | 5832 | 5833 | 5834 | 5835 | 5836 | 5837 | 5839 | 5841 | 5845 | 5846 | 5847 | 5848 | 5850 | 5852 | 5854 | 5857 | 5858 | 5860 | 5861 | 5862 | 5863 | 5864 | 5867 | 5870 | 5871 | 5872 | 5873 | 5874 | 5876 | 5877 | 5878 | 5879 | 5880 | 5881 | 5882 | 5883 | 5884 | 5886 | 5887 | 5888 | 5889 | 5890 | 5891 | 5892 | 5893 | 5894 | 5895 | 5896 | 5897 | 5898 | 5899 | 5900 | 5901 | 5902 | 5903 | 5904 | 5906 | 5907 | 5908 | 5909 | 5910 | 5911 | 5912 | 5913 | 5914 | 5915 | 5916 | 5917 | 5918 | 5919 | 5920 | 5921 | 5922 | 5923 | 5924 | 5925 | 5926 | 5927 | 5958 | 5961 | 5963 | 5966 | 5971 | 5973 | 6074 | 6160 | 6175 | 6188 | 6194 | 6196 | 6198 | 6200 | 6202 | 6204 | 6206 | 6208 | 6210 | 6213 | 6216 | 6224 | 6231 | 6235 | 6242 | 6244 | 6246 | 6249 | 6255 | 6259 | 6261 | 6265 | 6282 | 6284 | 6286 | 6288 | 6290 | 6294 | 6303 | 6305 | 6309 | 6312 | 6314 | 6316 | 6322 | 6324 | 6333 | 6336 | 6338 | 6340 | 6345 | 6350 | 6354 | 6357 | 6360 | 6370 | 6374 | 6379 | 6381 | 6384 | 6388 | 6390 | 6392 | 6395 | 6397 | 6400 | 6406 | 6408 | 6411 | 6413 | 6415 | 6446 | 6448 | 6450 | 6452 | 6455 | 6457 | 6459 | 6461 | 6463 | 6465 | 6467 | 6470 | 6472 | 6474 | 6476 | 6486 | 6488 | 6505 | 6507 | 6510 | 6512 | 6516 | 6518 | 6520 | 6527 | 6540 | 6543 | 6545 | 6550 | 6584 | 6588 | 6596 | 6598 | 6624 | 6626 | 6680 | 6687 | 6790 | 6794 | 6796 | 6798 | 6800 | 6813 | 6816 | 6819 | 6928 | 6963 | 6982 | 6984 | 6988 | 6990 | 6992 | 6994 | 6996 | 6998 | 7000 | 7003 | 7006 | 7009 | 7013 | 7015 | 7017 | 7021 | 7045 | 7053 | 7056 | 7063 | 7071 | 7079 | 7082 | 7089 | 7099 | 7101 | 7103 | 7105 | 7109 | 7111 | 7113 | 7115 | 7117 | 7124 | 7131 | 7133 | 7135 | 7141 | 7153 | 7155 | 7157 | 7159 | 7162 | 7174 | 7176 | 7181 | 7190 | 7192 | 7194 | 7204 | 7206 | 7218 | 7222 | 7230 | 7252 | 7254 | 7256 | 7258 | 7294 | 7296 | 7298 | 7337 | 7341 | 7355 | 7357 | 7359 | 7361 | 7363 | 7365 | 7377 | 7410 | 7412 | 7415 | 7428 | 7444 | 7446 | 7448 | 7455 | 7459 | 7462 | 7476 | 7478 | 7480 | 7548 | 7553 | 7572 | 7582 | 7602 | 7623 | 7654 | 7681 | 7762 | 7794 | 7796 | 7798 | 7965 | 8138 | 8871
ВКП(б)	ПРОЦЕСС 19-23 АВГУСТА 1936 г.	major_show_trial	320	10123 | 10138 | 10470 | 10567 | 10574 | 10662 | 10822 | 11003 | 11077 | 11082 | 11155 | 1790 | 1847 | 2025 | 2083 | 2443 | 2444 | 2478 | 2480 | 2481 | 2482 | 2483 | 2484 | 2485 | 4201 | 4203 | 4664 | 4772 | 5259 | 5261 | 5263 | 5265 | 5267 | 5268 | 5274 | 5275 | 5278 | 5279 | 5280 | 5281 | 5282 | 5283 | 5284 | 5322 | 5330 | 5332 | 5346 | 5347 | 5354 | 5355 | 5356 | 5358 | 5360 | 5362 | 5363 | 5364 | 5365 | 5366 | 5368 | 5372 | 5373 | 5374 | 5376 | 5377 | 5378 | 5379 | 5381 | 5382 | 5384 | 5386 | 5387 | 5390 | 5393 | 5396 | 5397 | 5398 | 5399 | 5400 | 5402 | 5403 | 5404 | 5406 | 5407 | 5408 | 5409 | 5410 | 5413 | 5425 | 5426 | 5427 | 5432 | 5433 | 5436 | 5442 | 5443 | 5444 | 5446 | 5452 | 5453 | 5454 | 5455 | 5459 | 5461 | 5462 | 5466 | 5469 | 5470 | 5474 | 5475 | 5476 | 5477 | 5479 | 5481 | 5483 | 5490 | 5491 | 5492 | 5495 | 5497 | 5498 | 5499 | 5500 | 5505 | 5507 | 5508 | 5509 | 5511 | 5512 | 5513 | 5514 | 5518 | 5520 | 5522 | 5527 | 5528 | 5529 | 5531 | 5535 | 5536 | 5538 | 5539 | 5540 | 5545 | 5546 | 5547 | 5549 | 5550 | 5552 | 5553 | 5554 | 5556 | 5557 | 5558 | 5565 | 5566 | 5567 | 5568 | 5569 | 5570 | 5572 | 5584 | 5585 | 5586 | 5590 | 5591 | 5593 | 5595 | 5597 | 5598 | 5599 | 5601 | 5602 | 5604 | 5605 | 5606 | 5610 | 5611 | 5612 | 5613 | 5615 | 5616 | 5617 | 5618 | 5619 | 5620 | 5621 | 5622 | 5623 | 5625 | 5629 | 5630 | 5631 | 5632 | 5633 | 5635 | 5636 | 5637 | 5638 | 5639 | 5641 | 5642 | 5643 | 5644 | 5646 | 5647 | 5648 | 5649 | 5650 | 5651 | 5652 | 5653 | 5654 | 5655 | 5656 | 5657 | 5659 | 5660 | 5662 | 5663 | 5664 | 5665 | 5666 | 5667 | 5668 | 5669 | 5671 | 5672 | 5673 | 5674 | 5676 | 5680 | 5681 | 5684 | 5690 | 5691 | 5692 | 5693 | 5694 | 5695 | 5696 | 5699 | 5700 | 5701 | 5702 | 5703 | 5704 | 5705 | 5706 | 5708 | 5709 | 5710 | 5711 | 5712 | 5714 | 5716 | 5717 | 5718 | 5720 | 5721 | 5723 | 5724 | 5725 | 5727 | 5728 | 5730 | 5731 | 5733 | 5734 | 5735 | 5737 | 5738 | 5739 | 5742 | 5743 | 5744 | 5751 | 5756 | 5757 | 5758 | 5759 | 5760 | 5761 | 5762 | 5763 | 5764 | 5766 | 5768 | 5771 | 5777 | 5778 | 5779 | 5780 | 5782 | 5786 | 5787 | 5790 | 5791 | 5792 | 5793 | 6762 | 6776 | 6828 | 6830 | 6832 | 6842 | 6866 | 6868 | 6872 | 6875 | 7419 | 7675 | 8173 | 8176 | 8900 | 8902 | 8904 | 9087 | 9091 | 9756 | 9955
ЦК ВКП(б)	ПРОЦЕСС 23-29 ЯНВАРЯ 1937 г.	major_show_trial	311	11258 | 2521 | 4269 | 4272 | 4290 | 4291 | 5677 | 5683 | 5685 | 5697 | 5707 | 5713 | 5715 | 5719 | 5722 | 5726 | 5729 | 5732 | 5736 | 5740 | 5741 | 5746 | 5747 | 5748 | 5750 | 5754 | 5755 | 5765 | 5767 | 5773 | 5794 | 5797 | 5798 | 5800 | 5801 | 5804 | 5805 | 5806 | 5807 | 5808 | 5809 | 5811 | 5816 | 5817 | 5818 | 5820 | 5822 | 5823 | 5825 | 5826 | 5828 | 5830 | 5832 | 5833 | 5834 | 5835 | 5836 | 5837 | 5838 | 5839 | 5841 | 5845 | 5846 | 5847 | 5850 | 5853 | 5854 | 5857 | 5860 | 5861 | 5862 | 5864 | 5865 | 5870 | 5871 | 5873 | 5874 | 5876 | 5877 | 5880 | 5883 | 5884 | 5887 | 5894 | 5895 | 5900 | 5901 | 5902 | 5903 | 5904 | 5906 | 5907 | 5908 | 5909 | 5910 | 5911 | 5912 | 5913 | 5915 | 5916 | 5919 | 5920 | 5922 | 5923 | 5924 | 5925 | 5926 | 5927 | 5955 | 5958 | 5961 | 5966 | 5971 | 5973 | 6074 | 6150 | 6152 | 6160 | 6175 | 6188 | 6194 | 6196 | 6202 | 6206 | 6208 | 6210 | 6213 | 6216 | 6224 | 6231 | 6235 | 6242 | 6244 | 6246 | 6249 | 6255 | 6259 | 6261 | 6265 | 6271 | 6273 | 6282 | 6284 | 6286 | 6288 | 6294 | 6303 | 6305 | 6309 | 6312 | 6314 | 6316 | 6322 | 6324 | 6333 | 6336 | 6338 | 6345 | 6350 | 6354 | 6357 | 6360 | 6376 | 6379 | 6388 | 6406 | 6408 | 6413 | 6431 | 6446 | 6457 | 6459 | 6470 | 6472 | 6474 | 6476 | 6486 | 6488 | 6505 | 6507 | 6512 | 6516 | 6518 | 6527 | 6540 | 6543 | 6545 | 6550 | 6584 | 6588 | 6596 | 6622 | 6624 | 6626 | 6650 | 6663 | 6668 | 6677 | 6680 | 6685 | 6687 | 6691 | 6774 | 6790 | 6794 | 6796 | 6800 | 6813 | 6816 | 6819 | 6888 | 6895 | 6909 | 6928 | 6947 | 6949 | 6951 | 6963 | 6974 | 6982 | 6984 | 6990 | 6992 | 6996 | 6998 | 7000 | 7003 | 7006 | 7009 | 7013 | 7015 | 7017 | 7019 | 7021 | 7030 | 7053 | 7056 | 7063 | 7071 | 7079 | 7082 | 7089 | 7099 | 7101 | 7103 | 7105 | 7109 | 7111 | 7117 | 7124 | 7126 | 7131 | 7141 | 7153 | 7155 | 7159 | 7162 | 7174 | 7181 | 7186 | 7190 | 7192 | 7194 | 7204 | 7218 | 7220 | 7222 | 7227 | 7230 | 7233 | 7235 | 7252 | 7262 | 7275 | 7294 | 7296 | 7337 | 7355 | 7359 | 7363 | 7365 | 7377 | 7410 | 7417 | 7428 | 7437 | 7444 | 7455 | 7462 | 7476 | 7480 | 7548 | 7553 | 7572 | 7582 | 7602 | 7607 | 7611 | 7623 | 7654 | 7681 | 7684 | 7740 | 7762 | 7784 | 7794 | 7820 | 7965 | 8138 | 8863 | 8871
ГУГБ	ПРОЦЕСС 19-23 АВГУСТА 1936 г.	major_show_trial	265	10282 | 10505 | 10591 | 10610 | 10615 | 10622 | 10662 | 2478 | 4203 | 4772 | 5261 | 5263 | 5267 | 5268 | 5271 | 5272 | 5273 | 5274 | 5275 | 5276 | 5277 | 5278 | 5279 | 5281 | 5282 | 5283 | 5355 | 5356 | 5358 | 5360 | 5362 | 5363 | 5364 | 5365 | 5366 | 5368 | 5371 | 5372 | 5373 | 5374 | 5375 | 5376 | 5377 | 5378 | 5379 | 5380 | 5381 | 5382 | 5383 | 5384 | 5385 | 5386 | 5387 | 5390 | 5396 | 5397 | 5398 | 5399 | 5400 | 5402 | 5403 | 5404 | 5406 | 5407 | 5408 | 5409 | 5410 | 5412 | 5413 | 5424 | 5425 | 5426 | 5427 | 5432 | 5434 | 5435 | 5436 | 5443 | 5444 | 5445 | 5452 | 5453 | 5454 | 5455 | 5459 | 5461 | 5462 | 5465 | 5466 | 5469 | 5470 | 5474 | 5475 | 5476 | 5477 | 5479 | 5481 | 5483 | 5488 | 5491 | 5492 | 5495 | 5497 | 5498 | 5499 | 5500 | 5505 | 5507 | 5508 | 5509 | 5510 | 5511 | 5512 | 5513 | 5514 | 5516 | 5518 | 5519 | 5520 | 5522 | 5527 | 5528 | 5529 | 5531 | 5535 | 5536 | 5538 | 5539 | 5540 | 5545 | 5546 | 5547 | 5549 | 5550 | 5552 | 5553 | 5554 | 5556 | 5557 | 5558 | 5563 | 5565 | 5566 | 5567 | 5568 | 5569 | 5570 | 5572 | 5584 | 5585 | 5586 | 5590 | 5591 | 5593 | 5595 | 5596 | 5597 | 5598 | 5599 | 5601 | 5604 | 5605 | 5606 | 5610 | 5611 | 5613 | 5614 | 5615 | 5616 | 5617 | 5618 | 5619 | 5620 | 5621 | 5622 | 5623 | 5624 | 5625 | 5629 | 5630 | 5631 | 5632 | 5633 | 5634 | 5635 | 5636 | 5637 | 5638 | 5639 | 5641 | 5642 | 5643 | 5644 | 5646 | 5648 | 5650 | 5651 | 5652 | 5653 | 5654 | 5655 | 5656 | 5657 | 5659 | 5662 | 5666 | 5667 | 5668 | 5669 | 5671 | 5672 | 5673 | 5674 | 5676 | 5684 | 5690 | 5692 | 5694 | 5695 | 5696 | 5699 | 5700 | 5701 | 5702 | 5704 | 5705 | 5706 | 5708 | 5714 | 5716 | 5717 | 5718 | 5720 | 5721 | 5724 | 5725 | 5728 | 5730 | 5731 | 5734 | 5735 | 5737 | 5738 | 5739 | 5742 | 5743 | 5744 | 5751 | 5756 | 5757 | 5758 | 5759 | 5760 | 5761 | 5762 | 5763 | 5764 | 5768 | 5777 | 5779 | 5789 | 6776 | 6866 | 6872 | 9756
НКВД	ПРОЦЕСС 23-29 ЯНВАРЯ 1937 г.	major_show_trial	254	2519 | 2521 | 2523 | 2526 | 2527 | 2536 | 2537 | 2539 | 2540 | 2541 | 4269 | 4270 | 4272 | 5677 | 5686 | 5697 | 5707 | 5713 | 5715 | 5722 | 5726 | 5729 | 5736 | 5740 | 5741 | 5750 | 5753 | 5767 | 5773 | 5775 | 5776 | 5796 | 5797 | 5798 | 5799 | 5801 | 5803 | 5804 | 5805 | 5806 | 5807 | 5809 | 5811 | 5817 | 5818 | 5819 | 5823 | 5824 | 5826 | 5828 | 5832 | 5833 | 5835 | 5837 | 5839 | 5844 | 5852 | 5853 | 5857 | 5860 | 5864 | 5866 | 5874 | 5876 | 5878 | 5880 | 5882 | 5883 | 5889 | 5890 | 5891 | 5892 | 5893 | 5894 | 5895 | 5896 | 5897 | 5898 | 5900 | 5901 | 5903 | 5905 | 5906 | 5907 | 5912 | 5914 | 5915 | 5916 | 5918 | 5920 | 5925 | 5926 | 5955 | 5961 | 5973 | 6074 | 6150 | 6175 | 6188 | 6194 | 6204 | 6208 | 6216 | 6224 | 6231 | 6244 | 6246 | 6255 | 6259 | 6261 | 6265 | 6273 | 6282 | 6290 | 6294 | 6303 | 6305 | 6314 | 6316 | 6333 | 6336 | 6338 | 6340 | 6360 | 6372 | 6374 | 6379 | 6381 | 6384 | 6388 | 6390 | 6392 | 6395 | 6397 | 6400 | 6406 | 6431 | 6446 | 6448 | 6450 | 6457 | 6472 | 6474 | 6486 | 6488 | 6505 | 6507 | 6510 | 6512 | 6516 | 6518 | 6584 | 6588 | 6596 | 6620 | 6622 | 6624 | 6626 | 6650 | 6655 | 6663 | 6668 | 6680 | 6687 | 6796 | 6800 | 6819 | 6895 | 6911 | 6933 | 6947 | 6949 | 6963 | 6974 | 6982 | 6984 | 6990 | 6992 | 7000 | 7003 | 7006 | 7009 | 7013 | 7017 | 7021 | 7030 | 7045 | 7056 | 7071 | 7079 | 7082 | 7089 | 7101 | 7103 | 7105 | 7131 | 7133 | 7135 | 7153 | 7155 | 7157 | 7159 | 7162 | 7176 | 7181 | 7186 | 7190 | 7194 | 7196 | 7198 | 7218 | 7220 | 7227 | 7230 | 7233 | 7252 | 7254 | 7256 | 7258 | 7275 | 7281 | 7294 | 7296 | 7298 | 7341 | 7355 | 7357 | 7359 | 7361 | 7363 | 7365 | 7377 | 7410 | 7412 | 7415 | 7417 | 7462 | 7476 | 7478 | 7480 | 7548 | 7582 | 7623 | 7681 | 7684 | 7740 | 7762 | 7794 | 7796 | 7798 | 7820 | 7965 | 8138 | 8871
ГУГБ	КРЕМЛЕВСКОЕ ДЕЛО	related_case	228	1726 | 4811 | 4846 | 4850 | 4851 | 4855 | 4856 | 4857 | 4858 | 4868 | 4869 | 4870 | 4871 | 4872 | 4873 | 4874 | 4878 | 4879 | 4880 | 4881 | 4882 | 4884 | 4890 | 4891 | 4893 | 4894 | 4895 | 4896 | 4897 | 4899 | 4900 | 4903 | 4904 | 4905 | 4906 | 4911 | 4912 | 4913 | 4914 | 4915 | 4920 | 4921 | 4922 | 4926 | 4927 | 4928 | 4932 | 4933 | 4934 | 4935 | 4936 | 4941 | 4942 | 4943 | 4944 | 4945 | 4946 | 4947 | 4948 | 4949 | 4950 | 4956 | 4957 | 4958 | 4959 | 4960 | 4961 | 4962 | 4963 | 4964 | 4965 | 4966 | 4967 | 4968 | 4969 | 4970 | 4971 | 4972 | 4973 | 4981 | 4982 | 4983 | 4984 | 4985 | 4991 | 4992 | 4993 | 4995 | 4996 | 4997 | 5003 | 5004 | 5005 | 5009 | 5010 | 5011 | 5012 | 5013 | 5014 | 5021 | 5022 | 5023 | 5024 | 5029 | 5030 | 5031 | 5032 | 5033 | 5034 | 5035 | 5036 | 5037 | 5049 | 5050 | 5051 | 5052 | 5053 | 5059 | 5060 | 5061 | 5065 | 5066 | 5067 | 5068 | 5073 | 5074 | 5075 | 5076 | 5077 | 5078 | 5079 | 5081 | 5082 | 5084 | 5085 | 5086 | 5087 | 5088 | 5089 | 5090 | 5091 | 5092 | 5102 | 5103 | 5104 | 5105 | 5106 | 5107 | 5108 | 5113 | 5114 | 5115 | 5116 | 5117 | 5123 | 5124 | 5125 | 5126 | 5127 | 5128 | 5129 | 5136 | 5137 | 5140 | 5141 | 5142 | 5147 | 5148 | 5149 | 5150 | 5151 | 5152 | 5153 | 5154 | 5155 | 5156 | 5157 | 5158 | 5159 | 5160 | 5161 | 5162 | 5163 | 5164 | 5169 | 5170 | 5171 | 5172 | 5174 | 5175 | 5176 | 5177 | 5178 | 5179 | 5186 | 5187 | 5188 | 5189 | 5190 | 5191 | 5192 | 5193 | 5202 | 5204 | 5205 | 5206 | 5207 | 5208 | 5209 | 5210 | 5211 | 5216 | 5217 | 5218 | 5219 | 5224 | 5225 | 5226 | 5227 | 5232 | 5233 | 5234 | 5235 | 5236 | 5237 | 5238 | 9445 | 9657
ВКП(б)	ПРОЦЕСС “МОСКОВСКОГО ЦЕНТРА”	related_case	216	10004 | 10133 | 11228 | 11413 | 1441 | 1514 | 1516 | 1528 | 1541 | 2644 | 2645 | 2646 | 2707 | 3240 | 3242 | 3243 | 3244 | 3245 | 3246 | 3247 | 3248 | 3255 | 3257 | 3258 | 3259 | 3260 | 3261 | 3262 | 3273 | 3275 | 3288 | 3290 | 3291 | 3293 | 3294 | 3306 | 3308 | 3309 | 3311 | 3313 | 3316 | 3333 | 3334 | 3339 | 3341 | 3342 | 3362 | 3365 | 3378 | 3384 | 3385 | 3386 | 3387 | 3390 | 3391 | 3401 | 3402 | 3403 | 3415 | 3416 | 3418 | 3419 | 3420 | 3422 | 3423 | 3436 | 3438 | 3439 | 3451 | 3452 | 3453 | 3455 | 3457 | 3905 | 3915 | 3916 | 3921 | 3924 | 3925 | 3926 | 3927 | 3938 | 3939 | 3943 | 3945 | 3946 | 3958 | 3959 | 3962 | 3964 | 3966 | 3980 | 3986 | 3989 | 3991 | 3992 | 3993 | 3994 | 3997 | 4020 | 4021 | 4026 | 4031 | 4048 | 4050 | 4056 | 4061 | 4062 | 4063 | 4064 | 4065 | 4066 | 4067 | 4068 | 4071 | 4098 | 4099 | 4104 | 4105 | 4107 | 4108 | 4132 | 4133 | 4135 | 4138 | 4319 | 4320 | 4322 | 4326 | 4327 | 4338 | 4339 | 4340 | 4341 | 4351 | 4353 | 4354 | 4358 | 4359 | 4378 | 4389 | 4390 | 4391 | 4392 | 4393 | 4395 | 4414 | 4416 | 4417 | 4418 | 4419 | 4423 | 4438 | 4440 | 4442 | 4444 | 4454 | 4456 | 4457 | 4462 | 4480 | 4485 | 4487 | 4504 | 4507 | 4508 | 4509 | 4518 | 4519 | 4520 | 4522 | 4523 | 4530 | 4531 | 4532 | 4536 | 4537 | 4538 | 4543 | 4544 | 4545 | 4559 | 4562 | 4570 | 4572 | 4576 | 4578 | 4581 | 4582 | 4583 | 4584 | 4665 | 4666 | 4771 | 4773 | 4781 | 4782 | 4786 | 4787 | 4789 | 4790 | 4791 | 4793 | 4796 | 4799 | 4800 | 4802 | 6719 | 6823 | 6825 | 6836 | 6862 | 7407 | 9623 | 9627 | 9753
ВКП(б)	КРЕМЛЕВСКОЕ ДЕЛО	related_case	200	10058 | 10069 | 1699 | 1704 | 1726 | 1735 | 4809 | 4810 | 4811 | 4829 | 4830 | 4831 | 4833 | 4834 | 4835 | 4836 | 4837 | 4838 | 4839 | 4840 | 4841 | 4842 | 4843 | 4845 | 4846 | 4847 | 4848 | 4849 | 4850 | 4851 | 4854 | 4856 | 4868 | 4869 | 4870 | 4871 | 4872 | 4873 | 4874 | 4878 | 4879 | 4880 | 4881 | 4882 | 4883 | 4890 | 4891 | 4893 | 4894 | 4895 | 4896 | 4897 | 4899 | 4903 | 4904 | 4905 | 4906 | 4911 | 4912 | 4914 | 4915 | 4921 | 4926 | 4927 | 4928 | 4933 | 4934 | 4941 | 4942 | 4944 | 4945 | 4947 | 4948 | 4950 | 4956 | 4958 | 4960 | 4961 | 4962 | 4963 | 4968 | 4971 | 4972 | 4973 | 4981 | 4982 | 4984 | 4992 | 4997 | 5003 | 5004 | 5005 | 5009 | 5013 | 5021 | 5022 | 5024 | 5029 | 5030 | 5031 | 5033 | 5035 | 5051 | 5052 | 5053 | 5059 | 5060 | 5061 | 5066 | 5067 | 5068 | 5073 | 5074 | 5076 | 5077 | 5079 | 5081 | 5082 | 5084 | 5085 | 5086 | 5089 | 5091 | 5092 | 5102 | 5103 | 5108 | 5113 | 5114 | 5115 | 5116 | 5124 | 5125 | 5126 | 5127 | 5128 | 5136 | 5137 | 5140 | 5147 | 5148 | 5149 | 5150 | 5152 | 5153 | 5156 | 5157 | 5159 | 5161 | 5162 | 5163 | 5164 | 5169 | 5170 | 5171 | 5172 | 5175 | 5179 | 5186 | 5187 | 5188 | 5190 | 5191 | 5192 | 5193 | 5202 | 5206 | 5208 | 5211 | 5216 | 5219 | 5224 | 5225 | 5226 | 5232 | 5233 | 5234 | 5236 | 5237 | 5238 | 5239 | 5240 | 5241 | 5242 | 9408 | 9411 | 9433 | 9435 | 9486 | 9522 | 9657 | 9822 | 9872 | 9879 | 9899 | 9912 | 9917 | 9920 | 9926 | 9930
ГУГБ	ПРОЦЕСС “МОСКОВСКОГО ЦЕНТРА”	related_case	192	2645 | 3242 | 3246 | 3255 | 3256 | 3257 | 3261 | 3262 | 3273 | 3274 | 3293 | 3294 | 3296 | 3308 | 3309 | 3311 | 3315 | 3316 | 3317 | 3318 | 3334 | 3337 | 3338 | 3339 | 3342 | 3343 | 3361 | 3363 | 3364 | 3365 | 3375 | 3376 | 3384 | 3386 | 3388 | 3389 | 3402 | 3405 | 3406 | 3414 | 3415 | 3416 | 3418 | 3419 | 3442 | 3450 | 3451 | 3452 | 3454 | 3455 | 3457 | 3901 | 3903 | 3904 | 3906 | 3907 | 3920 | 3921 | 3922 | 3926 | 3927 | 3928 | 3936 | 3938 | 3940 | 3943 | 3960 | 3964 | 3966 | 3968 | 3981 | 3983 | 3984 | 3988 | 3989 | 3992 | 3995 | 3996 | 3999 | 4000 | 4020 | 4021 | 4022 | 4023 | 4024 | 4025 | 4027 | 4029 | 4031 | 4049 | 4050 | 4057 | 4060 | 4061 | 4064 | 4065 | 4066 | 4069 | 4070 | 4071 | 4089 | 4095 | 4102 | 4103 | 4105 | 4106 | 4109 | 4110 | 4131 | 4133 | 4134 | 4135 | 4136 | 4137 | 4138 | 4322 | 4323 | 4324 | 4325 | 4339 | 4340 | 4341 | 4342 | 4348 | 4351 | 4353 | 4354 | 4355 | 4356 | 4357 | 4358 | 4359 | 4362 | 4376 | 4377 | 4378 | 4379 | 4380 | 4382 | 4386 | 4387 | 4389 | 4393 | 4395 | 4414 | 4416 | 4418 | 4419 | 4422 | 4423 | 4435 | 4436 | 4438 | 4439 | 4442 | 4455 | 4456 | 4457 | 4459 | 4460 | 4476 | 4478 | 4485 | 4486 | 4487 | 4488 | 4504 | 4507 | 4508 | 4509 | 4518 | 4520 | 4521 | 4522 | 4531 | 4532 | 4536 | 4538 | 4542 | 4543 | 4545 | 4552 | 4558 | 4559 | 4561 | 4562 | 4584 | 4773 | 6825 | 9623 | 9627 | 9753
ВКП(б)	ПРОЦЕСС 2-12 МАРТА 1938 г.	major_show_trial	188	1612 | 6609 | 6611 | 7351 | 7379 | 7517 | 7542 | 7550 | 7555 | 7561 | 7574 | 7576 | 7604 | 7613 | 7625 | 7627 | 7630 | 7644 | 7656 | 7662 | 7665 | 7667 | 7673 | 7687 | 7691 | 7693 | 7705 | 7707 | 7709 | 7711 | 7713 | 7715 | 7724 | 7726 | 7737 | 7754 | 7756 | 7779 | 7787 | 7789 | 7792 | 7800 | 7802 | 7804 | 7806 | 7811 | 7815 | 7818 | 7826 | 7828 | 7840 | 7844 | 7847 | 7849 | 7851 | 7853 | 7855 | 7862 | 7878 | 7885 | 7893 | 7902 | 7906 | 7913 | 7915 | 7930 | 7937 | 7942 | 7945 | 7948 | 7950 | 7952 | 7954 | 7959 | 7972 | 7976 | 7980 | 7982 | 7984 | 7986 | 7988 | 7995 | 8001 | 8003 | 8009 | 8013 | 8020 | 8042 | 8045 | 8048 | 8132 | 8148 | 8151 | 8153 | 8209 | 8212 | 8215 | 8217 | 8222 | 8224 | 8228 | 8231 | 8233 | 8235 | 8237 | 8240 | 8243 | 8245 | 8247 | 8249 | 8253 | 8462 | 8464 | 8469 | 8471 | 8473 | 8475 | 8478 | 8480 | 8482 | 8488 | 8490 | 8492 | 8509 | 8511 | 8515 | 8517 | 8526 | 8536 | 8541 | 8545 | 8547 | 8549 | 8551 | 8553 | 8555 | 8559 | 8561 | 8563 | 8570 | 8574 | 8576 | 8588 | 8590 | 8592 | 8594 | 8597 | 8600 | 8605 | 8609 | 8611 | 8613 | 8617 | 8621 | 8628 | 8630 | 8641 | 8646 | 8650 | 8652 | 8661 | 8668 | 8672 | 8685 | 8687 | 8690 | 8702 | 8704 | 8707 | 8709 | 8725 | 8747 | 8769 | 8777 | 8783 | 8815 | 8827 | 8849 | 8938 | 8946 | 8951 | 8954 | 8956 | 8959 | 8998 | 9004 | 9026 | 9746
ЦК ВКП(б)	ПРОЦЕСС 19-23 АВГУСТА 1936 г.	major_show_trial	181	10123 | 10138 | 10470 | 10567 | 10574 | 10662 | 10822 | 11077 | 11082 | 11155 | 1790 | 1847 | 2025 | 2083 | 2443 | 2444 | 2482 | 2484 | 4201 | 4203 | 4664 | 4772 | 5265 | 5278 | 5282 | 5284 | 5354 | 5358 | 5363 | 5366 | 5373 | 5376 | 5377 | 5381 | 5384 | 5387 | 5393 | 5397 | 5398 | 5400 | 5404 | 5406 | 5408 | 5426 | 5432 | 5442 | 5443 | 5446 | 5453 | 5454 | 5459 | 5469 | 5474 | 5477 | 5481 | 5491 | 5499 | 5507 | 5508 | 5514 | 5529 | 5535 | 5536 | 5540 | 5547 | 5549 | 5550 | 5553 | 5565 | 5566 | 5569 | 5570 | 5590 | 5595 | 5599 | 5602 | 5604 | 5611 | 5612 | 5613 | 5617 | 5621 | 5622 | 5623 | 5625 | 5629 | 5630 | 5631 | 5636 | 5638 | 5639 | 5644 | 5647 | 5649 | 5650 | 5651 | 5652 | 5654 | 5656 | 5657 | 5659 | 5660 | 5662 | 5664 | 5666 | 5667 | 5669 | 5672 | 5673 | 5676 | 5680 | 5684 | 5691 | 5692 | 5693 | 5695 | 5696 | 5699 | 5700 | 5701 | 5704 | 5708 | 5709 | 5711 | 5712 | 5714 | 5716 | 5717 | 5718 | 5720 | 5721 | 5723 | 5724 | 5727 | 5730 | 5731 | 5733 | 5734 | 5735 | 5737 | 5742 | 5743 | 5744 | 5751 | 5756 | 5757 | 5758 | 5759 | 5760 | 5761 | 5762 | 5763 | 5764 | 5766 | 5768 | 5777 | 5778 | 5779 | 5782 | 5786 | 5787 | 5790 | 5791 | 5792 | 5793 | 6762 | 6776 | 6828 | 6830 | 6832 | 6842 | 6866 | 6868 | 6872 | 6875 | 7419 | 8173 | 8900 | 8904 | 9756 | 9955
НКВД	ПРОЦЕСС 19-23 АВГУСТА 1936 г.	major_show_trial	172	10138 | 10505 | 10567 | 10574 | 10591 | 10610 | 10615 | 10622 | 10662 | 1790 | 1847 | 2025 | 2083 | 2444 | 2478 | 2479 | 2480 | 2481 | 2484 | 4203 | 5259 | 5261 | 5265 | 5268 | 5271 | 5272 | 5275 | 5282 | 5284 | 5312 | 5314 | 5331 | 5333 | 5337 | 5339 | 5340 | 5341 | 5342 | 5343 | 5344 | 5345 | 5354 | 5360 | 5363 | 5366 | 5378 | 5381 | 5399 | 5406 | 5408 | 5410 | 5425 | 5434 | 5435 | 5443 | 5444 | 5445 | 5446 | 5452 | 5453 | 5455 | 5461 | 5465 | 5466 | 5476 | 5481 | 5500 | 5505 | 5512 | 5513 | 5514 | 5516 | 5528 | 5538 | 5539 | 5550 | 5553 | 5558 | 5565 | 5570 | 5585 | 5590 | 5591 | 5593 | 5595 | 5596 | 5611 | 5613 | 5614 | 5615 | 5618 | 5623 | 5624 | 5625 | 5630 | 5631 | 5632 | 5641 | 5642 | 5643 | 5647 | 5649 | 5651 | 5652 | 5653 | 5654 | 5657 | 5659 | 5660 | 5663 | 5664 | 5665 | 5668 | 5672 | 5673 | 5680 | 5681 | 5684 | 5690 | 5692 | 5695 | 5699 | 5700 | 5703 | 5704 | 5705 | 5706 | 5708 | 5710 | 5711 | 5712 | 5717 | 5720 | 5723 | 5725 | 5728 | 5730 | 5731 | 5734 | 5735 | 5737 | 5738 | 5742 | 5743 | 5744 | 5751 | 5756 | 5757 | 5758 | 5760 | 5761 | 5762 | 5763 | 5764 | 5766 | 5777 | 5778 | 5779 | 5780 | 5783 | 5785 | 5787 | 5790 | 5792 | 5793 | 6776 | 6842 | 6856 | 6866 | 6872 | 6875 | 7419
НКВД	ПРОЦЕСС “МОСКОВСКОГО ЦЕНТРА”	related_case	168	2643 | 2644 | 2645 | 3242 | 3256 | 3261 | 3262 | 3293 | 3296 | 3308 | 3309 | 3311 | 3318 | 3334 | 3337 | 3338 | 3339 | 3361 | 3364 | 3366 | 3375 | 3376 | 3384 | 3388 | 3405 | 3406 | 3414 | 3415 | 3442 | 3450 | 3451 | 3452 | 3457 | 3901 | 3904 | 3906 | 3907 | 3920 | 3921 | 3922 | 3927 | 3928 | 3936 | 3959 | 3960 | 3964 | 3966 | 3968 | 3981 | 3983 | 3984 | 3988 | 3989 | 3995 | 3996 | 4020 | 4021 | 4022 | 4023 | 4024 | 4025 | 4027 | 4029 | 4031 | 4049 | 4050 | 4057 | 4064 | 4066 | 4070 | 4071 | 4089 | 4095 | 4102 | 4103 | 4109 | 4131 | 4133 | 4134 | 4135 | 4136 | 4137 | 4138 | 4339 | 4340 | 4341 | 4342 | 4348 | 4349 | 4353 | 4355 | 4356 | 4357 | 4358 | 4359 | 4362 | 4376 | 4377 | 4378 | 4379 | 4382 | 4386 | 4387 | 4389 | 4393 | 4395 | 4414 | 4416 | 4418 | 4419 | 4420 | 4422 | 4423 | 4435 | 4436 | 4438 | 4439 | 4442 | 4457 | 4459 | 4460 | 4478 | 4485 | 4486 | 4487 | 4504 | 4507 | 4508 | 4509 | 4518 | 4519 | 4520 | 4521 | 4522 | 4531 | 4532 | 4536 | 4538 | 4542 | 4543 | 4545 | 4547 | 4552 | 4558 | 4559 | 4560 | 4561 | 4562 | 4583 | 4584 | 4665 | 4773 | 4781 | 4782 | 4783 | 4786 | 4787 | 4789 | 4790 | 4791 | 4799 | 4803 | 6862 | 6864 | 7389 | 7391 | 9623 | 9753
ЦК ВКП(б)	ПРОЦЕСС 2-12 МАРТА 1938 г.	major_show_trial	150	1612 | 6609 | 7351 | 7379 | 7517 | 7542 | 7550 | 7555 | 7561 | 7574 | 7576 | 7604 | 7613 | 7625 | 7627 | 7630 | 7644 | 7656 | 7662 | 7665 | 7667 | 7673 | 7687 | 7693 | 7705 | 7707 | 7709 | 7711 | 7713 | 7715 | 7724 | 7726 | 7754 | 7756 | 7779 | 7787 | 7789 | 7792 | 7800 | 7811 | 7815 | 7818 | 7826 | 7840 | 7849 | 7853 | 7855 | 7862 | 7878 | 7885 | 7902 | 7906 | 7913 | 7915 | 7930 | 7937 | 7942 | 7945 | 7948 | 7950 | 7952 | 7954 | 7959 | 7972 | 7980 | 7982 | 7984 | 7986 | 7988 | 7995 | 8001 | 8003 | 8009 | 8020 | 8042 | 8045 | 8048 | 8132 | 8148 | 8151 | 8153 | 8209 | 8215 | 8217 | 8240 | 8247 | 8253 | 8462 | 8464 | 8469 | 8471 | 8482 | 8509 | 8515 | 8517 | 8526 | 8536 | 8541 | 8545 | 8547 | 8551 | 8553 | 8555 | 8559 | 8561 | 8563 | 8574 | 8576 | 8588 | 8590 | 8592 | 8597 | 8600 | 8605 | 8609 | 8611 | 8613 | 8617 | 8621 | 8628 | 8630 | 8641 | 8646 | 8650 | 8652 | 8668 | 8672 | 8685 | 8687 | 8690 | 8702 | 8704 | 8707 | 8709 | 8725 | 8747 | 8777 | 8815 | 8827 | 8849 | 8938 | 8946 | 8951 | 8954 | 8956 | 8959 | 8998 | 9004 | 9026 | 9746
ГУГБ	ПРОЦЕСС “ЛЕНИНГРАДСКОГО ЦЕНТРА”	related_case	133	1344 | 1348 | 1349 | 1351 | 1352 | 1353 | 1621 | 1631 | 1632 | 1633 | 1665 | 1666 | 2674 | 2675 | 2676 | 2677 | 2678 | 2679 | 2680 | 2681 | 2683 | 2684 | 2685 | 2687 | 2688 | 2689 | 2690 | 2692 | 2693 | 2694 | 2695 | 2696 | 2697 | 2698 | 2699 | 2721 | 2722 | 2723 | 2724 | 2727 | 2728 | 2731 | 2732 | 2733 | 2736 | 2738 | 2739 | 2782 | 2783 | 2785 | 2789 | 3004 | 3005 | 3006 | 3007 | 3008 | 3010 | 3011 | 3012 | 3016 | 3017 | 3018 | 3019 | 3020 | 3021 | 3022 | 3023 | 3028 | 3029 | 3030 | 3031 | 3041 | 3042 | 3058 | 3059 | 3060 | 3061 | 3062 | 3063 | 3064 | 3109 | 3110 | 3111 | 3112 | 3113 | 3114 | 3117 | 3118 | 3129 | 3130 | 3131 | 3132 | 3136 | 3137 | 3138 | 3149 | 3150 | 3151 | 3152 | 3155 | 3156 | 3157 | 3158 | 3159 | 3173 | 3175 | 3176 | 3182 | 3183 | 3184 | 3188 | 3190 | 3192 | 3193 | 3194 | 3208 | 3210 | 3212 | 3213 | 3215 | 3216 | 3217 | 3218 | 3226 | 3228 | 3229 | 3230 | 3236 | 6693 | 808 | 809 | 810 | 9548
ГУГБ	ПРОЦЕСС 2-12 МАРТА 1938 г.	major_show_trial	128	6609 | 6611 | 7351 | 7379 | 7517 | 7542 | 7550 | 7555 | 7561 | 7574 | 7576 | 7604 | 7613 | 7625 | 7627 | 7630 | 7644 | 7656 | 7662 | 7673 | 7705 | 7707 | 7711 | 7713 | 7715 | 7724 | 7726 | 7733 | 7735 | 7737 | 7754 | 7756 | 7779 | 7787 | 7789 | 7792 | 7800 | 7802 | 7804 | 7806 | 7811 | 7815 | 7826 | 7828 | 7840 | 7849 | 7851 | 7853 | 7855 | 7857 | 7860 | 7862 | 7878 | 7885 | 7893 | 7895 | 7897 | 7902 | 7906 | 7913 | 7915 | 7930 | 7937 | 7942 | 7948 | 7950 | 7952 | 7954 | 7972 | 7974 | 7976 | 7978 | 7986 | 7988 | 8001 | 8003 | 8009 | 8011 | 8013 | 8042 | 8045 | 8048 | 8132 | 8148 | 8151 | 8153 | 8289 | 8315 | 8325 | 8327 | 8346 | 8348 | 8350 | 8355 | 8357 | 8359 | 8367 | 8369 | 8371 | 8373 | 8375 | 8385 | 8405 | 8407 | 8414 | 8416 | 8418 | 8420 | 8422 | 8424 | 8426 | 8428 | 8430 | 8432 | 8434 | 8436 | 8438 | 8440 | 8442 | 8592 | 8594 | 8702 | 8704 | 8707 | 8998 | 9004 | 9026 | 9746
НКВД	ПРОЦЕСС 2-12 МАРТА 1938 г.	major_show_trial	116	1612 | 6609 | 7379 | 7517 | 7542 | 7550 | 7555 | 7613 | 7625 | 7665 | 7705 | 7707 | 7711 | 7713 | 7715 | 7724 | 7726 | 7733 | 7735 | 7737 | 7754 | 7756 | 7800 | 7802 | 7804 | 7806 | 7811 | 7826 | 7840 | 7844 | 7849 | 7851 | 7853 | 7855 | 7857 | 7860 | 7862 | 7885 | 7893 | 7895 | 7897 | 7902 | 7915 | 7928 | 7945 | 7948 | 7952 | 7954 | 7972 | 7974 | 7976 | 7978 | 7980 | 7986 | 8001 | 8009 | 8013 | 8042 | 8045 | 8048 | 8148 | 8153 | 8159 | 8169 | 8289 | 8315 | 8325 | 8327 | 8346 | 8348 | 8350 | 8355 | 8357 | 8359 | 8367 | 8369 | 8371 | 8373 | 8375 | 8385 | 8405 | 8407 | 8414 | 8416 | 8418 | 8420 | 8422 | 8424 | 8426 | 8428 | 8430 | 8432 | 8434 | 8436 | 8438 | 8440 | 8442 | 8536 | 8674 | 8678 | 8690 | 8707 | 8709 | 8715 | 8725 | 8747 | 8777 | 8849 | 8938 | 8951 | 8954 | 8956 | 8998 | 9004 | 9026 | 9746
НКВД	КРЕМЛЕВСКОЕ ДЕЛО	related_case	103	10058 | 1704 | 1726 | 1733 | 4810 | 4811 | 4837 | 4843 | 4846 | 4850 | 4851 | 4857 | 4868 | 4869 | 4870 | 4881 | 4882 | 4883 | 4890 | 4897 | 4899 | 4904 | 4911 | 4912 | 4913 | 4915 | 4920 | 4921 | 4922 | 4933 | 4941 | 4942 | 4943 | 4948 | 4949 | 4956 | 4958 | 4960 | 4961 | 4963 | 4964 | 4970 | 4971 | 4972 | 4981 | 4991 | 4996 | 4997 | 5005 | 5009 | 5011 | 5013 | 5014 | 5022 | 5029 | 5033 | 5049 | 5051 | 5053 | 5061 | 5073 | 5077 | 5079 | 5082 | 5085 | 5087 | 5089 | 5090 | 5091 | 5103 | 5114 | 5117 | 5127 | 5128 | 5136 | 5149 | 5150 | 5152 | 5156 | 5157 | 5171 | 5179 | 5187 | 5192 | 5206 | 5208 | 5210 | 5211 | 5218 | 5219 | 5225 | 5226 | 5234 | 5236 | 5237 | 5240 | 5241 | 9486 | 9822 | 9872 | 9899 | 9912 | 9930
Правда	ПРОЦЕСС 23-29 ЯНВАРЯ 1937 г.	major_show_trial	100	2508 | 2519 | 2521 | 2522 | 2523 | 2525 | 2526 | 2527 | 2536 | 2539 | 2540 | 4288 | 5715 | 5719 | 5726 | 5732 | 5736 | 5749 | 5754 | 5755 | 5765 | 5773 | 5796 | 5797 | 5798 | 5799 | 5801 | 5802 | 5810 | 5816 | 5846 | 5847 | 5849 | 5855 | 5863 | 5871 | 5873 | 5876 | 5891 | 5901 | 5903 | 5904 | 5917 | 5923 | 5925 | 5926 | 6074 | 6152 | 6194 | 6196 | 6198 | 6224 | 6242 | 6265 | 6273 | 6294 | 6309 | 6312 | 6322 | 6390 | 6527 | 6545 | 6602 | 6650 | 6890 | 6947 | 6949 | 6986 | 6988 | 6996 | 7017 | 7019 | 7030 | 7071 | 7075 | 7103 | 7113 | 7117 | 7126 | 7131 | 7153 | 7159 | 7162 | 7176 | 7230 | 7233 | 7235 | 7252 | 7300 | 7363 | 7381 | 7446 | 7448 | 7462 | 7548 | 7572 | 7582 | 7654 | 7684 | 8909
ЦК ВКП(б)	КРЕМЛЕВСКОЕ ДЕЛО	related_case	100	10058 | 10069 | 1704 | 1726 | 4809 | 4810 | 4811 | 4830 | 4831 | 4833 | 4834 | 4835 | 4836 | 4837 | 4838 | 4839 | 4840 | 4841 | 4842 | 4843 | 4846 | 4849 | 4850 | 4851 | 4868 | 4869 | 4870 | 4880 | 4891 | 4914 | 4927 | 4928 | 4944 | 4945 | 4948 | 4958 | 4961 | 4968 | 4981 | 4982 | 4992 | 5004 | 5009 | 5021 | 5024 | 5029 | 5052 | 5059 | 5061 | 5066 | 5073 | 5074 | 5077 | 5082 | 5084 | 5085 | 5086 | 5102 | 5108 | 5113 | 5115 | 5124 | 5126 | 5136 | 5137 | 5148 | 5149 | 5150 | 5152 | 5153 | 5156 | 5159 | 5161 | 5169 | 5170 | 5172 | 5175 | 5186 | 5191 | 5206 | 5208 | 5216 | 5224 | 5232 | 5236 | 5237 | 5238 | 5239 | 5241 | 9411 | 9486 | 9822 | 9872 | 9879 | 9899 | 9912 | 9917 | 9920 | 9926 | 9930
ЦК ВКП(б)	ПРОЦЕСС “МОСКОВСКОГО ЦЕНТРА”	related_case	100	10133 | 11228 | 1516 | 1528 | 1541 | 2644 | 2645 | 3257 | 3273 | 3288 | 3291 | 3306 | 3311 | 3333 | 3334 | 3339 | 3341 | 3362 | 3378 | 3384 | 3385 | 3386 | 3390 | 3391 | 3415 | 3416 | 3419 | 3436 | 3457 | 3915 | 3916 | 3921 | 3925 | 3926 | 3943 | 3959 | 3962 | 3966 | 3986 | 3989 | 3991 | 3992 | 4020 | 4026 | 4031 | 4050 | 4056 | 4061 | 4062 | 4068 | 4071 | 4098 | 4099 | 4108 | 4138 | 4322 | 4326 | 4327 | 4338 | 4341 | 4358 | 4389 | 4390 | 4395 | 4416 | 4417 | 4438 | 4440 | 4442 | 4444 | 4457 | 4462 | 4480 | 4487 | 4507 | 4508 | 4509 | 4518 | 4523 | 4537 | 4538 | 4543 | 4544 | 4545 | 4562 | 4570 | 4572 | 4771 | 4773 | 4782 | 4793 | 4800 | 4802 | 6719 | 6823 | 6825 | 6836 | 6862 | 7407 | 9753
Коминтерн	ПРОЦЕСС 19-23 АВГУСТА 1936 г.	major_show_trial	97	10615 | 10662 | 10801 | 10880 | 10889 | 10982 | 10984 | 10987 | 11077 | 11082 | 11155 | 1790 | 1847 | 2443 | 2444 | 2479 | 2481 | 2482 | 2483 | 2486 | 4201 | 4202 | 5261 | 5265 | 5267 | 5275 | 5281 | 5347 | 5360 | 5377 | 5397 | 5402 | 5404 | 5444 | 5459 | 5465 | 5475 | 5499 | 5518 | 5520 | 5529 | 5549 | 5550 | 5553 | 5567 | 5570 | 5593 | 5606 | 5613 | 5614 | 5616 | 5617 | 5622 | 5633 | 5638 | 5649 | 5657 | 5659 | 5663 | 5664 | 5665 | 5668 | 5671 | 5672 | 5684 | 5690 | 5694 | 5699 | 5700 | 5701 | 5703 | 5705 | 5709 | 5710 | 5711 | 5712 | 5714 | 5716 | 5721 | 5723 | 5724 | 5725 | 5728 | 5730 | 5735 | 5737 | 5739 | 5742 | 5743 | 5762 | 5766 | 5777 | 5780 | 5793 | 6762 | 7450 | 8173
НКВД	ПРОЦЕСС “ЛЕНИНГРАДСКОГО ЦЕНТРА”	related_case	97	1344 | 1348 | 1349 | 1352 | 1353 | 1621 | 1631 | 1632 | 1633 | 1666 | 2618 | 2678 | 2679 | 2680 | 2681 | 2683 | 2684 | 2685 | 2686 | 2688 | 2692 | 2693 | 2694 | 2695 | 2697 | 2698 | 2699 | 2721 | 2724 | 2725 | 2728 | 2738 | 2739 | 2789 | 3004 | 3005 | 3006 | 3007 | 3009 | 3010 | 3015 | 3016 | 3017 | 3018 | 3019 | 3020 | 3021 | 3022 | 3023 | 3041 | 3042 | 3058 | 3062 | 3109 | 3110 | 3111 | 3112 | 3118 | 3129 | 3130 | 3131 | 3132 | 3136 | 3138 | 3149 | 3150 | 3152 | 3156 | 3173 | 3175 | 3176 | 3182 | 3183 | 3184 | 3190 | 3194 | 3195 | 3208 | 3210 | 3212 | 3213 | 3215 | 3216 | 3217 | 3218 | 3226 | 3228 | 3229 | 3230 | 3236 | 6711 | 7032 | 808 | 809 | 810 | 9548 | 9718
Коминтерн	ПРОЦЕСС “МОСКОВСКОГО ЦЕНТРА”	related_case	90	1441 | 1516 | 1518 | 1528 | 2644 | 2645 | 3245 | 3288 | 3311 | 3332 | 3365 | 3378 | 3384 | 3385 | 3389 | 3406 | 3414 | 3415 | 3419 | 3424 | 3436 | 3438 | 3452 | 3904 | 3915 | 3916 | 3921 | 3922 | 3923 | 3924 | 3925 | 3926 | 3927 | 3936 | 3939 | 3959 | 3961 | 3981 | 3984 | 3985 | 4020 | 4024 | 4031 | 4050 | 4055 | 4069 | 4090 | 4108 | 4109 | 4133 | 4138 | 4341 | 4349 | 4351 | 4356 | 4358 | 4359 | 4381 | 4390 | 4393 | 4395 | 4414 | 4417 | 4422 | 4423 | 4435 | 4438 | 4440 | 4460 | 4461 | 4462 | 4476 | 4509 | 4522 | 4532 | 4536 | 4537 | 4538 | 4552 | 4558 | 4572 | 4581 | 4582 | 4665 | 4771 | 4793 | 4803 | 6825 | 6836 | 7407
Правда	ПРОЦЕСС 19-23 АВГУСТА 1936 г.	major_show_trial	73	10123 | 10662 | 10713 | 10731 | 10762 | 10822 | 10982 | 11077 | 11082 | 11086 | 1790 | 1847 | 2443 | 2444 | 2478 | 2479 | 2480 | 2481 | 2482 | 2483 | 2485 | 2486 | 4201 | 4203 | 5312 | 5331 | 5384 | 5402 | 5426 | 5442 | 5475 | 5511 | 5514 | 5538 | 5553 | 5563 | 5566 | 5567 | 5570 | 5572 | 5584 | 5621 | 5623 | 5627 | 5636 | 5639 | 5653 | 5654 | 5664 | 5665 | 5684 | 5701 | 5702 | 5706 | 5723 | 5731 | 5739 | 5756 | 5777 | 5779 | 5780 | 5786 | 5790 | 5791 | 6866 | 6875 | 6885 | 7419 | 8173 | 9061 | 9172 | 9213 | 9955
ВКП(б)	ПРОЦЕСС “ЛЕНИНГРАДСКОГО ЦЕНТРА”	related_case	72	1350 | 1352 | 1621 | 1625 | 1630 | 1631 | 1632 | 1665 | 1666 | 2617 | 2618 | 2619 | 2676 | 2686 | 2687 | 2688 | 2690 | 2694 | 2698 | 2699 | 2717 | 2721 | 2726 | 2727 | 2729 | 2738 | 2740 | 2782 | 3008 | 3009 | 3010 | 3012 | 3013 | 3015 | 3016 | 3018 | 3019 | 3023 | 3027 | 3028 | 3030 | 3041 | 3042 | 3062 | 3063 | 3064 | 3113 | 3115 | 3117 | 3131 | 3136 | 3137 | 3138 | 3154 | 3158 | 3172 | 3182 | 3183 | 3192 | 3193 | 3194 | 3208 | 3214 | 3217 | 3229 | 3236 | 3237 | 6693 | 808 | 810 | 9548 | 9718
Правда	ПРОЦЕСС 2-12 МАРТА 1938 г.	major_show_trial	70	1612 | 7517 | 7561 | 7627 | 7630 | 7662 | 7665 | 7667 | 7691 | 7711 | 7754 | 7779 | 7787 | 7789 | 7792 | 7806 | 7840 | 7851 | 7853 | 7930 | 7945 | 7974 | 7976 | 7982 | 7988 | 7995 | 8003 | 8042 | 8048 | 8159 | 8164 | 8217 | 8240 | 8243 | 8348 | 8355 | 8357 | 8375 | 8385 | 8422 | 8430 | 8432 | 8528 | 8536 | 8541 | 8553 | 8597 | 8600 | 8609 | 8611 | 8617 | 8621 | 8623 | 8646 | 8652 | 8668 | 8690 | 8696 | 8704 | 8707 | 8725 | 8740 | 8777 | 8827 | 8849 | 8938 | 8946 | 8951 | 8954 | 8956
Политбюро	ПРОЦЕСС 23-29 ЯНВАРЯ 1937 г.	major_show_trial	67	2525 | 2537 | 5707 | 5713 | 5732 | 5750 | 5753 | 5754 | 5774 | 5794 | 5800 | 5807 | 5812 | 5816 | 5819 | 5822 | 5824 | 5834 | 5836 | 5838 | 5853 | 5855 | 5860 | 5876 | 5877 | 5884 | 5886 | 5887 | 5904 | 5915 | 5916 | 5920 | 5923 | 5925 | 6074 | 6160 | 6224 | 6242 | 6244 | 6273 | 6338 | 6408 | 6431 | 6505 | 6512 | 6543 | 6640 | 6990 | 7013 | 7075 | 7079 | 7096 | 7101 | 7109 | 7111 | 7141 | 7150 | 7162 | 7222 | 7265 | 7267 | 7271 | 7444 | 7462 | 7572 | 7582 | 7681
Политбюро	ПРОЦЕСС 2-12 МАРТА 1938 г.	major_show_trial	62	7550 | 7561 | 7625 | 7627 | 7630 | 7662 | 7665 | 7673 | 7691 | 7724 | 7726 | 7737 | 7779 | 7789 | 7792 | 7954 | 7982 | 7988 | 8048 | 8169 | 8240 | 8243 | 8245 | 8315 | 8462 | 8526 | 8528 | 8536 | 8588 | 8592 | 8597 | 8600 | 8609 | 8611 | 8613 | 8617 | 8621 | 8628 | 8630 | 8646 | 8650 | 8652 | 8672 | 8685 | 8687 | 8690 | 8702 | 8725 | 8730 | 8747 | 8769 | 8783 | 8798 | 8815 | 8849 | 8938 | 8946 | 8951 | 8954 | 8956 | 8959 | 9004
Политбюро	ПРОЦЕСС 19-23 АВГУСТА 1936 г.	major_show_trial	49	10123 | 10615 | 10822 | 11086 | 1847 | 2443 | 2480 | 2481 | 5282 | 5397 | 5514 | 5547 | 5566 | 5595 | 5650 | 5657 | 5659 | 5660 | 5664 | 5672 | 5684 | 5690 | 5693 | 5699 | 5700 | 5701 | 5704 | 5705 | 5711 | 5712 | 5716 | 5717 | 5718 | 5724 | 5725 | 5730 | 5742 | 5762 | 5763 | 5777 | 5792 | 6830 | 6832 | 6866 | 6885 | 8173 | 8902 | 8904 | 9756
ЦИК СССР	КРЕМЛЕВСКОЕ ДЕЛО	related_case	49	10058 | 10069 | 1699 | 1704 | 1734 | 4809 | 4810 | 4811 | 4829 | 4830 | 4831 | 4833 | 4835 | 4836 | 4838 | 4839 | 4840 | 4841 | 4843 | 4846 | 4847 | 4848 | 4849 | 4882 | 4890 | 4903 | 4943 | 4950 | 4972 | 5005 | 5013 | 5029 | 5030 | 5053 | 5065 | 5076 | 5079 | 5088 | 5107 | 5128 | 5218 | 5240 | 5242 | 9486 | 9522 | 9872 | 9879 | 9920 | 9930
Политбюро	ПРОЦЕСС “МОСКОВСКОГО ЦЕНТРА”	related_case	44	10004 | 10133 | 10238 | 11413 | 1516 | 1518 | 1541 | 2644 | 2645 | 3245 | 3261 | 3308 | 3309 | 3315 | 3333 | 3334 | 3335 | 3362 | 3378 | 3385 | 3414 | 3439 | 3927 | 3986 | 4020 | 4108 | 4381 | 4390 | 4395 | 4423 | 4440 | 4461 | 4462 | 4476 | 4488 | 4507 | 4520 | 4537 | 4544 | 4570 | 4771 | 4793 | 4803 | 6719
Совнарком	ПРОЦЕСС 23-29 ЯНВАРЯ 1937 г.	major_show_trial	44	2519 | 2522 | 2523 | 2525 | 2526 | 2539 | 5713 | 5803 | 5824 | 5833 | 5883 | 5904 | 5923 | 5973 | 6188 | 6265 | 6333 | 6336 | 6345 | 6463 | 6465 | 6467 | 6470 | 6505 | 6543 | 6584 | 6596 | 6650 | 6663 | 6895 | 6903 | 6905 | 6949 | 7079 | 7124 | 7159 | 7204 | 7233 | 7235 | 7410 | 7455 | 7459 | 7478 | 7572
Известия	ПРОЦЕСС 23-29 ЯНВАРЯ 1937 г.	major_show_trial	42	2508 | 2519 | 2521 | 2522 | 4288 | 4289 | 4290 | 5707 | 5736 | 5748 | 5753 | 5755 | 5769 | 5794 | 5798 | 5807 | 5822 | 5835 | 5838 | 5846 | 5904 | 5906 | 5908 | 5909 | 5912 | 5925 | 5926 | 6265 | 6303 | 6312 | 6314 | 6322 | 6345 | 6431 | 6527 | 6933 | 7063 | 7124 | 7190 | 7292 | 7381 | 8911
Коминтерн	ПРОЦЕСС 23-29 ЯНВАРЯ 1937 г.	major_show_trial	41	2519 | 2521 | 2537 | 5707 | 5726 | 5732 | 5736 | 5750 | 5754 | 5810 | 5817 | 5855 | 5883 | 5895 | 5903 | 5904 | 5917 | 5919 | 5920 | 5923 | 5927 | 6273 | 6312 | 6333 | 6431 | 6527 | 6545 | 6903 | 6963 | 7003 | 7013 | 7017 | 7101 | 7162 | 7296 | 7377 | 7410 | 7412 | 7437 | 7462 | 7480
Политбюро	КРЕМЛЕВСКОЕ ДЕЛО	related_case	39	1735 | 4810 | 4811 | 4829 | 4830 | 4831 | 4834 | 4835 | 4840 | 4845 | 4849 | 4868 | 4869 | 4871 | 4872 | 4926 | 4944 | 4945 | 4947 | 4963 | 4982 | 5085 | 5090 | 5113 | 5125 | 5128 | 5129 | 5137 | 5156 | 5206 | 5226 | 5236 | 5237 | 5241 | 9439 | 9522 | 9872 | 9912 | 9930
Правда	ПРОЦЕСС “МОСКОВСКОГО ЦЕНТРА”	related_case	39	10133 | 10238 | 11413 | 1441 | 2644 | 2645 | 3296 | 3339 | 3377 | 3402 | 3414 | 3439 | 3452 | 3916 | 3943 | 4024 | 4064 | 4327 | 4341 | 4348 | 4351 | 4358 | 4383 | 4384 | 4393 | 4395 | 4435 | 4438 | 4532 | 4544 | 4571 | 4572 | 4579 | 4793 | 6823 | 7248 | 7387 | 7389 | 7391
Совнарком	ПРОЦЕСС 2-12 МАРТА 1938 г.	major_show_trial	38	1612 | 7379 | 7561 | 7667 | 7687 | 7691 | 7787 | 7792 | 7811 | 7840 | 7974 | 7976 | 7984 | 7988 | 8048 | 8132 | 8151 | 8209 | 8217 | 8253 | 8464 | 8482 | 8509 | 8515 | 8545 | 8563 | 8574 | 8576 | 8597 | 8621 | 8747 | 8777 | 8938 | 8946 | 8954 | 8956 | 8959 | 9004
Правда	КРЕМЛЕВСКОЕ ДЕЛО	related_case	34	10040 | 10058 | 1704 | 4809 | 4810 | 4811 | 4831 | 4843 | 4846 | 4847 | 4849 | 4868 | 4896 | 4897 | 4899 | 4914 | 4921 | 4928 | 4962 | 5014 | 5024 | 5031 | 5105 | 5124 | 5149 | 5162 | 5190 | 5207 | 5240 | 9408 | 9420 | 9522 | 9920 | 9930
Известия	ПРОЦЕСС 2-12 МАРТА 1938 г.	major_show_trial	29	7609 | 7665 | 7673 | 7705 | 7945 | 7995 | 8045 | 8456 | 8524 | 8536 | 8605 | 8611 | 8613 | 8617 | 8621 | 8623 | 8670 | 8674 | 8690 | 8704 | 8715 | 8719 | 8725 | 8777 | 8827 | 8946 | 8951 | 8954 | 8956
Коминтерн	ПРОЦЕСС 2-12 МАРТА 1938 г.	major_show_trial	29	7625 | 7630 | 7656 | 7662 | 7779 | 7789 | 7937 | 7988 | 8048 | 8132 | 8169 | 8212 | 8217 | 8235 | 8287 | 8414 | 8464 | 8471 | 8473 | 8517 | 8592 | 8617 | 8690 | 8725 | 8730 | 8783 | 8849 | 8954 | 8956
ИНО ГУГБ	ПРОЦЕСС 19-23 АВГУСТА 1936 г.	major_show_trial	27	10282 | 10505 | 10591 | 10610 | 10615 | 5383 | 5406 | 5455 | 5461 | 5510 | 5511 | 5514 | 5595 | 5596 | 5624 | 5638 | 5641 | 5648 | 5651 | 5652 | 5673 | 5699 | 5704 | 5725 | 5730 | 5731 | 5751
Коминтерн	КРЕМЛЕВСКОЕ ДЕЛО	related_case	21	4846 | 5084 | 5105 | 5113 | 5115 | 5126 | 5137 | 5149 | 5161 | 5186 | 5193 | 5236 | 9408 | 9417 | 9420 | 9431 | 9433 | 9435 | 9439 | 9441 | 9930
ЦК ВКП(б)	ПРОЦЕСС “ЛЕНИНГРАДСКОГО ЦЕНТРА”	related_case	21	1621 | 1625 | 1630 | 2617 | 2618 | 2619 | 2690 | 2698 | 2717 | 2729 | 2740 | 3015 | 3027 | 3063 | 3137 | 3138 | 3154 | 3172 | 3237 | 6693 | 810
ИККИ	ПРОЦЕСС 19-23 АВГУСТА 1936 г.	major_show_trial	20	1847 | 2444 | 2479 | 2482 | 5402 | 5549 | 5553 | 5566 | 5614 | 5617 | 5656 | 5657 | 5659 | 5690 | 5711 | 5712 | 5721 | 5725 | 5780 | 8173
ИНО ГУГБ	КРЕМЛЕВСКОЕ ДЕЛО	related_case	19	4964 | 4985 | 5005 | 5012 | 5023 | 5024 | 5031 | 5035 | 5053 | 5082 | 5091 | 5092 | 5117 | 5136 | 5210 | 5211 | 5218 | 5219 | 5225
Известия	ПРОЦЕСС 19-23 АВГУСТА 1936 г.	major_show_trial	19	10822 | 10999 | 1847 | 2443 | 2482 | 2485 | 2486 | 5554 | 5567 | 5654 | 5684 | 5723 | 5734 | 5743 | 5760 | 7675 | 8173 | 9170 | 9215
Секретариат ЦИК СССР	КРЕМЛЕВСКОЕ ДЕЛО	related_case	19	10058 | 10069 | 1734 | 4810 | 4811 | 4831 | 4839 | 4840 | 4841 | 4847 | 4848 | 4849 | 4950 | 5079 | 5107 | 5128 | 5240 | 9872 | 9920
Совнарком	ПРОЦЕСС 19-23 АВГУСТА 1936 г.	major_show_trial	18	1790 | 1847 | 2443 | 2444 | 2478 | 2480 | 2481 | 2485 | 4203 | 5334 | 5345 | 5459 | 5565 | 5616 | 5762 | 5763 | 8173 | 8904
ИККИ	КРЕМЛЕВСКОЕ ДЕЛО	related_case	17	4847 | 4849 | 5137 | 5161 | 5171 | 5240 | 9408 | 9411 | 9417 | 9420 | 9427 | 9429 | 9431 | 9433 | 9435 | 9439 | 9441
ИККИ	ПРОЦЕСС 2-12 МАРТА 1938 г.	major_show_trial	17	7561 | 7627 | 7705 | 7792 | 7988 | 7995 | 8209 | 8212 | 8217 | 8219 | 8233 | 8240 | 8541 | 8549 | 8555 | 8576 | 8849
ОО ГУГБ НКВД	ПРОЦЕСС “МОСКОВСКОГО ЦЕНТРА”	related_case	17	3262 | 3338 | 3339 | 3452 | 3928 | 4029 | 4049 | 4066 | 4135 | 4136 | 4342 | 4348 | 4376 | 4377 | 4416 | 4418 | 4509
КПК	ПРОЦЕСС 23-29 ЯНВАРЯ 1937 г.	major_show_trial	15	5820 | 5830 | 5833 | 5837 | 5855 | 5920 | 5955 | 5963 | 6242 | 6265 | 6284 | 6286 | 7428 | 7455 | 7681
Политбюро	ПРОЦЕСС “ЛЕНИНГРАДСКОГО ЦЕНТРА”	related_case	15	1625 | 2617 | 2618 | 2619 | 2717 | 2740 | 3009 | 3014 | 3015 | 3027 | 3113 | 3137 | 3138 | 6693 | 9548
Верховный Суд СССР	ПРОЦЕСС 19-23 АВГУСТА 1936 г.	major_show_trial	14	1847 | 2479 | 2484 | 2485 | 5498 | 5554 | 5593 | 5621 | 5638 | 5656 | 5660 | 5663 | 5672 | 5694
Совнарком	КРЕМЛЕВСКОЕ ДЕЛО	related_case	14	10069 | 4810 | 4811 | 4835 | 4874 | 4884 | 4894 | 4895 | 4969 | 5023 | 5033 | 5076 | 5079 | 9408
КПК	ПРОЦЕСС 19-23 АВГУСТА 1936 г.	major_show_trial	13	2480 | 2481 | 5393 | 5549 | 5654 | 5660 | 5690 | 5727 | 5779 | 5787 | 5791 | 6866 | 6872
ИККИ	ПРОЦЕСС “МОСКОВСКОГО ЦЕНТРА”	related_case	12	3290 | 3414 | 4020 | 4021 | 4395 | 4537 | 4558 | 4572 | 4583 | 4665 | 4771 | 7407
НКИД	ПРОЦЕСС 23-29 ЯНВАРЯ 1937 г.	major_show_trial	12	2521 | 5754 | 5904 | 5912 | 6774 | 7096 | 7150 | 7265 | 7267 | 7271 | 7383 | 7740
КПК	КРЕМЛЕВСКОЕ ДЕЛО	related_case	11	10069 | 1735 | 4831 | 4835 | 4837 | 4838 | 4839 | 4845 | 4851 | 5066 | 9411
ОО ГУГБ НКВД	ПРОЦЕСС “ЛЕНИНГРАДСКОГО ЦЕНТРА”	related_case	10	1349 | 1352 | 1353 | 2728 | 2789 | 3062 | 3112 | 3129 | 3130 | 809
Совнарком	ПРОЦЕСС “МОСКОВСКОГО ЦЕНТРА”	related_case	10	2644 | 3290 | 3414 | 3936 | 3960 | 4000 | 4020 | 4395 | 4532 | 4665
Верховный Суд СССР	ПРОЦЕСС 23-29 ЯНВАРЯ 1937 г.	major_show_trial	9	2525 | 5924 | 5971 | 6188 | 6309 | 6488 | 6520 | 7300 | 8873
Горьковский крайком ВКП(б)	ПРОЦЕСС 19-23 АВГУСТА 1936 г.	major_show_trial	8	5284 | 5453 | 5514 | 5518 | 5527 | 5586 | 5660 | 5779
Известия	ПРОЦЕСС “МОСКОВСКОГО ЦЕНТРА”	related_case	8	2643 | 2644 | 3276 | 3916 | 4384 | 4417 | 4461 | 4532
КПК	ПРОЦЕСС 2-12 МАРТА 1938 г.	major_show_trial	8	7806 | 8588 | 8590 | 8592 | 8594 | 8605 | 8611 | 8652
НКИД	ПРОЦЕСС 19-23 АВГУСТА 1936 г.	major_show_trial	8	10622 | 10647 | 5397 | 5426 | 5550 | 5599 | 5646 | 5789
Прокуратура СССР	ПРОЦЕСС 19-23 АВГУСТА 1936 г.	major_show_trial	8	2443 | 2480 | 5625 | 5654 | 5727 | 5782 | 5791 | 9955
ЦИК СССР	ПРОЦЕСС “МОСКОВСКОГО ЦЕНТРА”	related_case	8	2644 | 3306 | 3384 | 3916 | 4136 | 4138 | 4438 | 4462
ИККИ	ПРОЦЕСС 23-29 ЯНВАРЯ 1937 г.	major_show_trial	7	4288 | 5732 | 5754 | 5755 | 7162 | 7296 | 7462
Коминтерн	ПРОЦЕСС “ЛЕНИНГРАДСКОГО ЦЕНТРА”	related_case	7	2618 | 3009 | 3010 | 3021 | 3063 | 3134 | 3183
ЦИК СССР	ПРОЦЕСС 19-23 АВГУСТА 1936 г.	major_show_trial	7	1847 | 2484 | 5265 | 5638 | 5641 | 5692 | 8173
ЦИК СССР	ПРОЦЕСС 2-12 МАРТА 1938 г.	major_show_trial	7	7351 | 7613 | 7806 | 8410 | 8430 | 8456 | 8524
ЦИК СССР	ПРОЦЕСС 23-29 ЯНВАРЯ 1937 г.	major_show_trial	7	4288 | 5732 | 5899 | 6303 | 6928 | 7075 | 7684
ИНО ГУГБ	ПРОЦЕСС 23-29 ЯНВАРЯ 1937 г.	major_show_trial	6	5713 | 5740 | 5806 | 6224 | 6322 | 6963
КПК	ПРОЦЕСС “МОСКОВСКОГО ЦЕНТРА”	related_case	6	2644 | 4393 | 4518 | 6836 | 6862 | 7391
КПК при ЦК ВКП(б)	КРЕМЛЕВСКОЕ ДЕЛО	related_case	6	4831 | 4837 | 4838 | 4839 | 4851 | 5066
ОО ГУГБ НКВД	ПРОЦЕСС 19-23 АВГУСТА 1936 г.	major_show_trial	6	10622 | 5444 | 5516 | 5538 | 5593 | 5758
Правда	ПРОЦЕСС “ЛЕНИНГРАДСКОГО ЦЕНТРА”	related_case	6	2617 | 2618 | 2695 | 3042 | 6693 | 9551
ОО ГУГБ НКВД	ПРОЦЕСС 23-29 ЯНВАРЯ 1937 г.	major_show_trial	5	5726 | 5775 | 5803 | 5837 | 5839
ВКП(б)	РАЗНЫЕ ДОКУМЕНТЫ	misc	4	1611 | 6879 | 6958 | 7214
Верховный Суд СССР	ПРОЦЕСС “МОСКОВСКОГО ЦЕНТРА”	related_case	4	2643 | 2644 | 3414 | 4462
ЦК ВКП(б)	РАЗНЫЕ ДОКУМЕНТЫ	misc	4	1611 | 6879 | 6958 | 7214
КПК при ЦК ВКП(б)	ПРОЦЕСС 19-23 АВГУСТА 1936 г.	major_show_trial	3	5393 | 5779 | 6866
КПК при ЦК ВКП(б)	ПРОЦЕСС 23-29 ЯНВАРЯ 1937 г.	major_show_trial	3	5830 | 6242 | 7428
КПК при ЦК ВКП(б)	ПРОЦЕСС “МОСКОВСКОГО ЦЕНТРА”	related_case	3	4518 | 6836 | 6862
НКВД	РАЗНЫЕ ДОКУМЕНТЫ	misc	3	1611 | 6958 | 7214
НКИД	КРЕМЛЕВСКОЕ ДЕЛО	related_case	3	4833 | 4890 | 9431
НКИД	ПРОЦЕСС “МОСКОВСКОГО ЦЕНТРА”	related_case	3	2645 | 3262 | 3311
ВКП(б)	СТАТЬИ	articles	2	9366 | 9470
Верховный Суд СССР	ПРОЦЕСС 2-12 МАРТА 1938 г.	major_show_trial	2	7707 | 8048
Верховный Суд СССР	СТАТЬИ	articles	2	9366 | 9470
ГУГБ	РАЗНЫЕ ДОКУМЕНТЫ	misc	2	6958 | 7214
ГУГБ	СТАТЬИ	articles	2	9366 | 9470
ИККИ	СТАТЬИ	articles	2	9366 | 9470
Известия	КРЕМЛЕВСКОЕ ДЕЛО	related_case	2	4846 | 4891
Известия	СТАТЬИ	articles	2	9366 | 9470
Коминтерн	РАЗНЫЕ ДОКУМЕНТЫ	misc	2	6958 | 7214
Коминтерн	СТАТЬИ	articles	2	9366 | 9470
НКВД	СТАТЬИ	articles	2	9366 | 9470
НКИД	ПРОЦЕСС 2-12 МАРТА 1938 г.	major_show_trial	2	7840 | 8153
Политбюро	СТАТЬИ	articles	2	9366 | 9470
Правда	РАЗНЫЕ ДОКУМЕНТЫ	misc	2	1611 | 7214
Правда	СТАТЬИ	articles	2	9366 | 9470
Правда	ТРОЦКИЙ	person_dossier	2	11041 | 11308
ЦИК СССР	ПРОЦЕСС “ЛЕНИНГРАДСКОГО ЦЕНТРА”	related_case	2	2617 | 2619
ЦИК СССР	СТАТЬИ	articles	2	9366 | 9470
ЦК ВКП(б)	СТАТЬИ	articles	2	9366 | 9470
The New York Times	ПРОЦЕСС 19-23 АВГУСТА 1936 г.	major_show_trial	1	2487
United Press International	ПРОЦЕСС 19-23 АВГУСТА 1936 г.	major_show_trial	1	2488
Верховный Совет СССР	ПРОЦЕСС 2-12 МАРТА 1938 г.	major_show_trial	1	8715
Верховный Суд СССР	КРЕМЛЕВСКОЕ ДЕЛО	related_case	1	5242
Верховный Суд СССР	ПРОЦЕСС “ЛЕНИНГРАДСКОГО ЦЕНТРА”	related_case	1	2618
Горьковский крайком ВКП(б)	СТАТЬИ	articles	1	9366
ИККИ	ПРОЦЕСС “ЛЕНИНГРАДСКОГО ЦЕНТРА”	related_case	1	3063
ИНО ГУГБ	СТАТЬИ	articles	1	9366
Известия	РАЗНЫЕ ДОКУМЕНТЫ	misc	1	7214
КПК	СТАТЬИ	articles	1	9470
Коминтерн	ТРОЦКИЙ	person_dossier	1	11306
Лига Наций	ПРОЦЕСС 19-23 АВГУСТА 1936 г.	major_show_trial	1	9061
Лига Наций	ПРОЦЕСС 2-12 МАРТА 1938 г.	major_show_trial	1	8359
Лига Наций	ПРОЦЕСС 23-29 ЯНВАРЯ 1937 г.	major_show_trial	1	6303
Лига Наций	РАЗНЫЕ ДОКУМЕНТЫ	misc	1	7214
Лига Наций	СТАТЬИ	articles	1	9366
Народная Трудовая Демократическая партия России	ПРОЦЕСС 2-12 МАРТА 1938 г.	major_show_trial	1	7928
ОО ГУГБ НКВД	КРЕМЛЕВСКОЕ ДЕЛО	related_case	1	4991
ОО ГУГБ НКВД	РАЗНЫЕ ДОКУМЕНТЫ	misc	1	6958
Прокуратура СССР	ПРОЦЕСС “МОСКОВСКОГО ЦЕНТРА”	related_case	1	2643
Прокуратура СССР	СТАТЬИ	articles	1	9366
Секретариат ЦИК СССР	ПРОЦЕСС 19-23 АВГУСТА 1936 г.	major_show_trial	1	5265
Совнарком	ПРОЦЕСС “ЛЕНИНГРАДСКОГО ЦЕНТРА”	related_case	1	3130
Совнарком	РАЗНЫЕ ДОКУМЕНТЫ	misc	1	7214
